Store,Store_Owner,Region_Level_1,Region_Level_2,Urban_Rural,Latitude,Longitude
1,1,Eisenstadt-Umgebung,GWR,Urban,47.8761008,16.4745908
2,1,Politischer Bezirk Güssing,GWR,Urban,47.1138355,16.3204194799342
3,1,Politischer Bezirk Jennersdorf,GWR,Urban,46.98194985,16.1973111680266
4,1,Politischer Bezirk Jennersdorf,GWR,Urban,46.98194985,16.1973111680266
5,1,Politischer Bezirk Oberpullendorf,GWR,Urban,47.5045159999999,16.494430259985
6,1,Politischer Bezirk Oberwart,GWR,Urban,47.28747665,16.2745189528734
7,1,Villach Stadt,PUF,Urban,46.617997,13.8738398
8,1,Politischer Bezirk Hermagor,MSD,Rural,46.6538822,13.100220072521
9,2,Politischer Bezirk Klagenfurt Land,SQI,Urban,46.5821384,14.1508411979112
10,2,Politischer Bezirk Sankt Veit an der Glan,SQI,Urban,46.7672814,14.3576981
11,3,Politischer Bezirk Spittal an der Drau,OOO,Rural,46.89327855,13.318069431565
12,4,Politischer Bezirk Villach Land,JHJ,Urban,46.6367128,13.6790052866387
13,5,Politischer Bezirk Völkermarkt,KWA,Rural,46.5990959,14.6918849635882
14,6,Politischer Bezirk Wolfsberg,QDA,Urban,46.8255139,14.8235636698878
15,7,Politischer Bezirk Feldkirchen,WPH,Urban,46.7284183,14.0906473
16,8,Krems an der Donau Stadt,FAC,Urban,48.40913485,15.62700129743672
17,9,Sankt Pölten Stadt,GCG,Rural,48.1846361,16.12552022406568
18,10,Wiener Neustadt Stadt,KCF,Rural,47.8131847,16.2441166
19,10,Politischer Bezirk Amstetten,KCF,Urban,48.08975505,14.7326325913503
20,10,Wiener Neustadt Stadt,KCF,Rural,47.8131847,16.2441166
21,11,Politischer Bezirk Baden,NSX,Urban,48.0104262,16.1522318516931
22,12,Politischer Bezirk Bruck an der Leitha,TPV,Urban,48.0314647,16.6250923539442
23,11,Politischer Bezirk Gänserndorf,VSZ,Rural,48.38003005,16.7157604310906
24,12,Politischer Bezirk Gmünd,TPV,Rural,48.7859751999999,15.046710225637
25,10,Wiener Neustadt Stadt,KCF,Rural,47.8131847,16.2441166
26,13,Politischer Bezirk Hollabrunn,QDA,Urban,48.67036975,16.0706367759323
27,14,Politischer Bezirk Horn,IRG,Urban,48.729963,15.6446671606419
28,14,Politischer Bezirk Korneuburg,IRG,Rural,48.4366463,16.2294528072345
29,12,Politischer Bezirk Gmünd,TPV,Rural,48.7859751999999,15.046710225637
30,15,Politischer Bezirk Krems,TIG,Rural,48.45096785,15.4820282910611
31,16,Politischer Bezirk Völkermarkt,KWA,Rural,46.5990959,14.6918849635882
32,17,Politischer Bezirk Lilienfeld,VSZ,Urban,47.91778565,15.5675697387875
33,16,Politischer Bezirk Melk,KWA,Urban,48.19266265,15.2096837381348
34,18,Politischer Bezirk Mistelbach,LAV,Urban,48.56451965,16.5344890458629
35,19,Sankt Pölten Stadt,GCG,Rural,48.1846361,16.12552022406568
36,20,Politischer Bezirk Mödling,NLG,Rural,48.08720705,16.2467411363129
37,21,Politischer Bezirk Neunkirchen,PPM,Urban,47.6643859499999,15.9680330484762
38,22,Politischer Bezirk Sankt Pölten,NSX,Rural,48.1386014499999,15.8176335118715
39,23,Politischer Bezirk Scheibbs,JOP,Urban,47.9275191,15.1623097871582
40,20,Politischer Bezirk Tulln,NLG,Urban,48.3478121499999,15.963384585029
41,24,Politischer Bezirk Waidhofen an der Thaya,YIU,Urban,48.8475066,15.3783421592198
42,25,Politischer Bezirk Wiener Neustadt,QZN,Rural,47.86594825,15.9441992946121
43,26,Politischer Bezirk Zwettl,WPH,Rural,48.5535109,15.068093635109
44,20,Wels Stadt,MEO,Urban,48.1563978,14.0246656
45,27,Politischer Bezirk Braunau am Inn,ICA,Urban,48.1326748,13.0626954435789
46,27,Politischer Bezirk Eferding,ICA,Rural,48.3445378499999,13.9644257970315
47,28,Politischer Bezirk Freistadt,TZF,Rural,48.4729203499999,14.6395547013626
48,29,Politischer Bezirk Gmunden,LRJ,Urban,47.75813765,13.7377275455513
49,29,Politischer Bezirk Grieskirchen,LRJ,Urban,48.2796908,13.7734165464191
50,28,Politischer Bezirk Freistadt,TZF,Rural,48.4729203499999,14.6395547013626
51,30,Politischer Bezirk Kirchdorf an der Krems,SQI,Urban,47.905194,14.1244169
52,31,Politischer Bezirk Linz-Land,TOH,Urban,48.2008519,14.3172896207028
53,32,Politischer Bezirk Perg,TZF,Urban,48.29053155,14.697463992306
54,28,Politischer Bezirk Ried im Innkreis,TZF,Urban,48.2116421,13.472751586033
55,33,Politischer Bezirk Rohrbach,MDM,Rural,48.57287155,13.9795741739762
56,34,Politischer Bezirk Schärding,WJO,Urban,48.4182322,13.5646075994857
57,35,Politischer Bezirk Steyr-Land,VFN,Rural,47.9071065,14.5283802056626
58,36,Politischer Bezirk Urfahr-Umgebung,WFJ,Urban,48.42549355,14.2617607571005
59,8,Krems an der Donau Stadt,FAC,Urban,48.40913485,15.62700129743672
60,37,Politischer Bezirk Vöcklabruck,IPP,Urban,47.9473160999999,13.5504178830178
61,38,Wels-Land,LAV,Urban,48.2322648,14.226444
62,39,Politischer Bezirk Hallein,JLJ,Rural,47.6131804,13.2968612083389
63,40,Politischer Bezirk Hallein,JLJ,Rural,47.6131804,13.2968612083389
64,41,Politischer Bezirk Hallein,JLJ,Rural,47.6131804,13.2968612083389
65,41,Politischer Bezirk Hallein,JLJ,Rural,47.6131804,13.2968612083389
66,42,Politischer Bezirk Salzburg-Umgebung,PPM,Rural,47.8331414999999,13.184106133344
67,8,Krems an der Donau Stadt,FAC,Urban,48.40913485,15.62700129743672
68,43,Politischer Bezirk Eferding,ICA,Rural,48.3445378499999,13.9644257970315
69,44,Politischer Bezirk Steyr-Land,VFN,Rural,47.9071065,14.5283802056626
70,45,Politischer Bezirk Sankt Johann im Pongau,VIL,Rural,47.3475782,13.2026049
71,46,Politischer Bezirk Tamsweg,UAY,Rural,47.1199885,13.6215024044989
72,47,Politischer Bezirk Gänserndorf,VSZ,Rural,48.38003005,16.7157604310906
73,48,Politischer Bezirk Zell am See,IYN,Urban,47.3591232,12.7767695353177
74,49,Sankt Pölten Stadt,GCG,Rural,48.1846361,16.12552022406568
75,50,Politischer Bezirk Steyr-Land,VFN,Rural,47.9071065,14.5283802056626
76,51,Graz Stadt,MMJ,Rural,47.07197505,15.44237089854184
77,30,Politischer Bezirk Kirchdorf an der Krems,SQI,Urban,47.905194,14.1244169
78,30,Politischer Bezirk Kirchdorf an der Krems,SQI,Urban,47.905194,14.1244169
79,30,Politischer Bezirk Kirchdorf an der Krems,SQI,Urban,47.905194,14.1244169
80,30,Politischer Bezirk Deutschlandsberg,JOP,Urban,46.80610545,15.1878900735101
81,29,Politischer Bezirk Graz-Umgebung,LRJ,Urban,47.1097664,15.2803279670059
82,30,Politischer Bezirk Leibnitz,SQI,Urban,46.81618915,15.5397766161564
83,52,Politischer Bezirk Leoben,DNJ,Rural,47.42069955,14.8861170588219
84,53,Politischer Bezirk Liezen,JOP,Urban,47.5070965,14.212568375549
85,8,Krems an der Donau Stadt,FAC,Urban,48.40913485,15.62700129743672
86,8,Politischer Bezirk Murau,TPV,Urban,47.11958265,14.2255045593288
87,4,Politischer Bezirk Voitsberg,SQI,Rural,47.0614766,15.0623287237004
88,54,Politischer Bezirk Weiz,JHJ,Urban,47.2950726,15.5815465934443
89,55,Politischer Bezirk Murtal,TPV,Urban,47.23281755,14.7130631645158
90,51,Politischer Bezirk Bruck-Mürzzuschlag,MMJ,Urban,47.56783755,15.3793010026223
91,54,Politischer Bezirk Hartberg-Fürstenfeld,JHJ,Urban,47.2478715,15.9284805471623
92,51,Politischer Bezirk Südoststeiermark,MMJ,Urban,46.85967165,15.850364747446
93,32,Innsbruck Stadt,TZF,Urban,47.2655707,11.3934374
94,51,Politischer Bezirk Imst,MMJ,Urban,47.0792089,10.9377039389677
95,51,Politischer Bezirk Innsbruck Land,MMJ,Urban,47.2065094,11.3836945900353
96,51,Politischer Bezirk Bruck-Mürzzuschlag,MMJ,Urban,47.56783755,15.3793010026223
97,56,Politischer Bezirk Kufstein,QDA,Urban,47.5000434,12.0327121
98,51,Politischer Bezirk Bruck-Mürzzuschlag,MMJ,Urban,47.56783755,15.3793010026223
99,51,Politischer Bezirk Landeck,MMJ,Urban,47.0365162,10.4769904552545
100,51,Politischer Bezirk Lienz,QZN,Urban,46.904632,12.5119297628615
101,57,Politischer Bezirk Reutte,WJO,Urban,47.36123525,10.5456804461981
102,22,Politischer Bezirk Bludenz,MEO,Urban,47.06779075,9.87376938702724
103,32,Innsbruck Stadt,TZF,Urban,47.2655707,11.3934374
104,58,Politischer Bezirk Bregenz,PUF,Rural,47.41109695,9.93775540036292
105,58,Politischer Bezirk Feldkirch,PUF,Urban,47.2574118,9.66455456710584
106,55,Politischer Bezirk Murtal,TPV,Urban,47.23281755,14.7130631645158
107,59,Graz Stadt,MMJ,Rural,47.07197505,15.44237089854184
108,38,Salzburg Stadt,LAV,Urban,47.1528498,13.9470899
109,60,Politischer Bezirk Kitzbühel,ICA,Urban,47.4826080499999,12.5067451812489
110,61,Politischer Bezirk Dornbirn,TZF,Urban,47.4165382,9.7330136
111,61,Politischer Bezirk Wien (Stadt),SMM,Urban,48.2028090999999,16.3372540846895
112,61,Rust Stadt,UAY,Urban,47.8003459,16.6749452
113,62,Politischer Bezirk Mattersburg,FAC,Urban,47.7283688,16.4186436483691
114,63,Politischer Bezirk Neusiedl am See,KTR,Urban,47.90012875,16.9519930664882
115,64,Politischer Bezirk Schwaz,FAC,Urban,47.28163125,11.8352235214047
116,65,Politischer Bezirk Eferding,ICA,Rural,48.3445378499999,13.9644257970315
117,54,Steyr Stadt,IRA,Urban,48.0396436,14.4085971
118,66,Politischer Bezirk Eferding,ICA,Rural,48.3445378499999,13.9644257970315
119,22,Linz Stadt,NSX,Urban,48.2965171,14.2855038
120,22,Linz Stadt,NSX,Urban,48.2965171,14.2855038
121,28,Politischer Bezirk Ried im Innkreis,TZF,Urban,48.2116421,13.472751586033
122,28,Klagenfurt am Wörthersee,TZF,Urban,46.623943,14.3075976
123,22,Waidhofen an der Ybbs Stadt,NSX,Urban,47.9585553,14.7679049
124,67,Eisenstadt Stadt,TIF,Rural,47.8454821,16.5249288
125,68,Hainaut,YIU,Urban,50.36192,4.125216975993737
126,69,Liège,YIU,Urban,50.6450962,5.5733098
127,62,Luxembourg,FAC,Urban,49.8158683,6.1296751
128,46,Eisenstadt Stadt,TIF,Rural,47.8454821,16.5249288
129,70,Namur,MSD,Urban,50.4665284,4.8661892
130,71,Bruxelles (19 communes),YIU,Urban,50.83879505,4.37530413225618
131,72,Anvers,EPM,Urban,51.2211097,4.3997081
132,73,Brabant Flamand,DNC,Rural,50.8686516,4.788623798462091
133,38,Limbourg,LAV,Urban,50.6122761,5.9402987
134,74,Flandre-Orientale,KTR,Urban,51.0375423,3.811783011332456
135,38,Limbourg,LAV,Urban,50.6122761,5.9402987
136,38,Flandre-Occidentale,LAV,Rural,51.04047465,2.999421338788712
137,75,Politischer Bezirk Sankt Pölten,NSX,Rural,48.1386014499999,15.8176335118715
138,76,Politischer Bezirk Steyr-Land,VFN,Rural,47.9071065,14.5283802056626
139,77,Brabant Wallon,QDA,Urban,50.666245,4.550044083650228
140,78,Mladá Boleslav,FAC,Urban,50.4116187,14.9031301
141,79,Nymburk,YIU,Urban,50.186331,15.0417306
142,80,Praha-východ,QDA,Rural,50.0828112,14.71921794867766
143,81,Politischer Bezirk Sankt Johann im Pongau,VIL,Rural,47.3475782,13.2026049
144,28,Politischer Bezirk Ried im Innkreis,TZF,Urban,48.2116421,13.472751586033
145,28,Politischer Bezirk Ried im Innkreis,TZF,Urban,48.2116421,13.472751586033
146,82,Politischer Bezirk Wiener Neustadt,QZN,Rural,47.86594825,15.9441992946121
147,83,Flandre-Occidentale,LAV,Rural,51.04047465,2.999421338788712
148,80,Praha-západ,QDA,Urban,50.0557651,14.4356643
149,80,Příbram,QDA,Urban,49.6901444,14.0103663
150,84,Rakovník,APM,Urban,50.1039674,13.7333385
151,85,Děčín,NLX,Urban,50.7824196,14.2147221
152,85,Chomutov,NLX,Urban,50.4606456,13.4178324
153,86,Litoměřice,NGO,Rural,50.5340795,14.1317985
154,87,Louny,KTR,Rural,50.3572914,13.7969195
155,7,Flandre-Occidentale,LAV,Rural,51.04047465,2.999421338788712
156,7,Flandre-Occidentale,LAV,Rural,51.04047465,2.999421338788712
157,88,Most,WFJ,Urban,50.5032737,13.636112
158,89,Politischer Bezirk Spittal an der Drau,OOO,Rural,46.89327855,13.318069431565
159,89,Teplice,JHJ,Urban,50.6406644,13.8244461
160,89,Ústí nad Labem,JHJ,Urban,50.6603327,14.0381357
161,76,Politischer Bezirk Eferding,ICA,Rural,48.3445378499999,13.9644257970315
162,76,Zlín,VFN,Urban,49.226766,17.6667415
163,90,Kroměříž,DHA,Urban,49.2984191,17.3929804
164,79,Uherské Hradiště,YIU,Urban,49.0668171,17.4572483
165,76,Politischer Bezirk Steyr-Land,VFN,Rural,47.9071065,14.5283802056626
166,38,Wels-Land,LAV,Urban,48.2322648,14.226444
167,91,Vsetín,WPH,Urban,49.3389775,17.9961534
168,74,Strakonice,KTR,Urban,49.2662501,13.91370160534412
169,92,Tábor,VSZ,Urban,49.4141533,14.6587234
170,93,Praha-východ,QDA,Rural,50.0828112,14.71921794867766
171,94,Pelhřimov,SQI,Urban,49.4308737,15.2232341
172,95,Havlíčkův Brod,QDA,Urban,49.607079,15.5794883
173,95,Praha-východ,QDA,Rural,50.0828112,14.71921794867766
174,96,Jihlava,JLJ,Urban,49.396064,15.5903065
175,97,Třebíč,SKS,Urban,49.2151907,15.8816091
176,97,Třebíč,SKS,Urban,49.2151907,15.8816091
177,97,Žďár nad Sázavou,SKS,Rural,49.5629014,15.9391924
178,97,Žďár nad Sázavou,SKS,Rural,49.5629014,15.9391924
179,98,Cheb,UAY,Urban,50.0793511,12.3703526
180,97,Karlovy Vary,SKS,Urban,50.2306147,12.8699868
181,97,Žďár nad Sázavou,SKS,Rural,49.5629014,15.9391924
182,97,Sokolov,SKS,Urban,50.1815641,12.640035
183,97,Hradec Králové,SKS,Urban,50.2092113,15.8327512
184,99,Jičín,WFJ,Urban,50.4370452,15.3516528
185,100,Náchod,VSZ,Urban,50.4167811,16.1630918
186,101,Rychnov nad Kněžnou,RSL,Urban,50.1631069,16.274837
187,102,Trutnov,LAV,Urban,50.5608851,15.9130498
188,68,Česká Lípa,YIU,Urban,50.6865452,14.5372974
189,22,Waidhofen an der Ybbs Stadt,NSX,Urban,47.9585553,14.7679049
190,101,Jablonec nad Nisou,RSL,Urban,50.7240899,15.1710958
191,22,Liberec,MEO,Rural,50.7702648,15.0583947
192,101,Semily,UIS,Urban,50.602249,15.33526
193,101,Prostějov,WFJ,Urban,49.4721467,17.1117979
194,68,Olomouc,YIU,Urban,49.5940567,17.251143
195,69,Přerov,YIU,Rural,49.4553775,17.4508621
196,69,Přerov,YIU,Rural,49.4553775,17.4508621
197,103,Šumperk,JHR,Urban,49.9655521,16.9705651
198,104,Jeseník,RUN,Urban,50.2296385,17.2046012
199,105,Liberec,MEO,Rural,50.7702648,15.0583947
200,38,Flandre-Occidentale,LAV,Rural,51.04047465,2.999421338788712
201,106,Politischer Bezirk Gmünd,TPV,Rural,48.7859751999999,15.046710225637
202,107,Bruntál,JHJ,Urban,49.9885113,17.4652901
203,108,Frýdek-Místek,LAV,Urban,49.685635,18.3483416
204,109,Politischer Bezirk Rohrbach,MDM,Rural,48.57287155,13.9795741739762
205,110,Karviná,LRJ,Urban,49.8542719,18.5416556
206,110,Nový Jičín,LRJ,Rural,49.594881,18.0102584
207,110,Nový Jičín,LRJ,Rural,49.594881,18.0102584
208,111,Sankt Pölten Stadt,GCG,Rural,48.1846361,16.12552022406568
209,112,Politischer Bezirk Gmünd,TPV,Rural,48.7859751999999,15.046710225637
210,55,Politischer Bezirk Murtal,TPV,Urban,47.23281755,14.7130631645158
211,55,Opava,TPV,Urban,49.9389004,17.9024174
212,55,Ostrava-město,TPV,Urban,49.8349139,18.2820084
213,113,Chrudim,ICA,Urban,49.9511458,15.7947559
214,38,Pardubice,LAV,Urban,50.0385812,15.7791356
215,114,Svitavy,AAR,Urban,49.7562053,16.4688995
216,38,Ústí nad Orlicí,LAV,Urban,49.9737603,16.3941695
217,115,Politischer Bezirk Wiener Neustadt,QZN,Rural,47.86594825,15.9441992946121
218,116,Sankt Pölten Stadt,GCG,Rural,48.1846361,16.12552022406568
219,117,Domažlice,QDA,Urban,49.4407069,12.9298338
220,118,Nový Jičín,LRJ,Rural,49.594881,18.0102584
221,119,Klatovy,NGO,Urban,49.3951183,13.2935954
222,119,Plzeň-město,NGO,Urban,49.7477415,13.3775249
223,120,Plzeň-jih,XEG,Rural,49.55224205,13.43426138452102
224,92,Plzeň-sever,VSZ,Urban,49.8814234,13.28128812312578
225,92,Rokycany,VSZ,Urban,48.9617567,21.143825
226,92,Politischer Bezirk Gänserndorf,VSZ,Rural,48.38003005,16.7157604310906
227,121,Louny,KTR,Rural,50.3572914,13.7969195
228,122,Praha-východ,QDA,Rural,50.0828112,14.71921794867766
229,123,Tachov,ICA,Urban,49.7955449,12.6329861
230,124,Benešov,UQM,Rural,49.7818921,14.6869121
231,125,Beroun,WPH,Urban,49.9640292,14.0733907
232,126,Politischer Bezirk Steyr-Land,VFN,Rural,47.9071065,14.5283802056626
233,127,Krems an der Donau Stadt,FAC,Urban,48.40913485,15.62700129743672
234,128,Politischer Bezirk Sankt Johann im Pongau,VIL,Rural,47.3475782,13.2026049
235,129,Politischer Bezirk Eferding,ICA,Rural,48.3445378499999,13.9644257970315
236,129,Chrudim,ICA,Urban,49.9511458,15.7947559
237,92,Tábor,VSZ,Urban,49.4141533,14.6587234
238,92,Tábor,VSZ,Urban,49.4141533,14.6587234
239,58,Politischer Bezirk Bregenz,PUF,Rural,47.41109695,9.93775540036292
240,32,Innsbruck Stadt,TZF,Urban,47.2655707,11.3934374
241,130,Kladno,MSD,Urban,50.1478497,14.1025379
242,52,Politischer Bezirk Leoben,DNJ,Rural,47.42069955,14.8861170588219
243,131,Kolín,TIG,Urban,50.0288894,15.2011571
244,71,Kutná Hora,YIU,Urban,49.9486561,15.2681123
245,68,Mělník,YIU,Urban,50.3520785,14.4748281
246,132,Graz Stadt,MMJ,Rural,47.07197505,15.44237089854184
247,133,Politischer Bezirk Hermagor,MSD,Rural,46.6538822,13.100220072521
248,134,Žďár nad Sázavou,SKS,Rural,49.5629014,15.9391924
249,134,Žďár nad Sázavou,SKS,Rural,49.5629014,15.9391924
250,135,Benešov,UQM,Rural,49.7818921,14.6869121
251,68,Hlavní město Praha,JHR,Urban,50.0874654,14.4212535
252,136,Blansko,FAC,Rural,49.3621289,16.64506117626082
253,137,Brno-město,JLJ,Urban,49.191596,16.6111292
254,89,Brno-venkov,DHA,Rural,49.2435916,16.7130573
255,89,Ústí nad Labem,JHJ,Urban,50.6603327,14.0381357
256,89,Břeclav,JHJ,Rural,48.7594008,16.8813137
257,8,Krems an der Donau Stadt,FAC,Urban,48.40913485,15.62700129743672
258,138,Politischer Bezirk Korneuburg,IRG,Rural,48.4366463,16.2294528072345
259,19,Sankt Pölten Stadt,GCG,Rural,48.1846361,16.12552022406568
260,19,Sankt Pölten Stadt,GCG,Rural,48.1846361,16.12552022406568
261,139,Hodonín,QZN,Urban,48.8563914,17.1234655
262,139,Politischer Bezirk Wiener Neustadt,QZN,Rural,47.86594825,15.9441992946121
263,33,Vyškov,MDM,Urban,49.2778194,16.9994446
264,33,Politischer Bezirk Rohrbach,MDM,Rural,48.57287155,13.9795741739762
265,33,Politischer Bezirk Rohrbach,MDM,Rural,48.57287155,13.9795741739762
266,140,Znojmo,NGO,Urban,48.8554341,16.0489457
267,141,Politischer Bezirk Eferding,ICA,Rural,48.3445378499999,13.9644257970315
268,69,České Budějovice,YIU,Urban,48.9747357,14.474285
269,142,Český Krumlov,NSX,Urban,48.80511495,14.31619779110636
270,142,Český Krumlov,NSX,Urban,48.80511495,14.31619779110636
271,142,Jindřichův Hradec,TPV,Urban,49.1443265,15.003354
272,143,Písek,WPH,Urban,49.3089887,14.147769
273,144,Litoměřice,NGO,Rural,50.5340795,14.1317985
274,145,Politischer Bezirk Mödling,NLG,Rural,48.08720705,16.2467411363129
275,146,Prachatice,VSZ,Urban,49.0131123,13.9977479
276,111,Sankt Pölten Stadt,GCG,Rural,48.1846361,16.12552022406568
277,147,Copenhagen,GCG,Urban,55.6867243,12.5700724
278,114,Frederiksberg Kommune,AAR,Urban,55.68193945,12.5234311321118
279,90,Hvidovre Kommune,APM,Urban,55.63189905,12.46725859135748
280,148,Politischer Bezirk Zwettl,WPH,Rural,48.5535109,15.068093635109
281,149,Fredensborg Kommune,NLG,Urban,55.95090805,12.44176644505074
282,150,Politischer Bezirk Zwettl,WPH,Rural,48.5535109,15.068093635109
283,151,Politischer Bezirk Baden,NSX,Urban,48.0104262,16.1522318516931
284,142,Politischer Bezirk Sankt Pölten,NSX,Rural,48.1386014499999,15.8176335118715
285,152,Politischer Bezirk Gänserndorf,VSZ,Rural,48.38003005,16.7157604310906
286,153,Helsingør Kommune,AAR,Urban,56.036132,12.50633428979361
287,102,Syddjurs Kommune,LAV,Urban,56.27146895,10.66294951501489
288,148,Politischer Bezirk Zwettl,WPH,Rural,48.5535109,15.068093635109
289,148,Politischer Bezirk Zwettl,WPH,Rural,48.5535109,15.068093635109
290,71,Silkeborg Kommune,YIU,Urban,56.18178635,9.608746257423867
291,154,Ringkøbing-Skjern Kommune,QDA,Urban,56.01767955,8.547337560871473
292,154,Praha-východ,QDA,Rural,50.0828112,14.71921794867766
293,155,Skive Kommune,PPM,Urban,56.6459244,8.932732160154906
294,156,Morsø Kommune,RUN,Urban,56.82684745,8.729454109363562
295,157,Litoměřice,NGO,Rural,50.5340795,14.1317985
296,101,Brønderslev Kommune,WFJ,Urban,57.20605905,10.18984229036236
297,158,Vesthimmerland Kommune,GCG,Urban,56.8245918,9.40566694634549
298,158,Sankt Pölten Stadt,GCG,Rural,48.1846361,16.12552022406568
299,34,Læso Kommune,WJO,Urban,57.2719765,10.99320532798637
300,159,Benešov,UQM,Rural,49.7818921,14.6869121
301,103,Hjørring Kommune,YIU,Urban,57.46287185,10.07560588560685
302,160,Politischer Bezirk Eferding,ICA,Rural,48.3445378499999,13.9644257970315
303,27,Chrudim,ICA,Urban,49.9511458,15.7947559
304,27,Politischer Bezirk Eferding,ICA,Rural,48.3445378499999,13.9644257970315
305,161,Køge Kommune,SKS,Urban,55.4517419,12.06683748918806
306,89,Slagelse Kommune,OOO,Urban,55.34789495,11.35112684986956
307,162,Litoměřice,NGO,Rural,50.5340795,14.1317985
308,163,Sorø Kommune,WPH,Urban,55.4776832,11.55397256651604
309,164,Politischer Bezirk Korneuburg,IRG,Rural,48.4366463,16.2294528072345
310,165,Politischer Bezirk Eferding,ICA,Rural,48.3445378499999,13.9644257970315
311,166,Lejre Kommune,SQI,Urban,55.6368113,11.89772976900602
312,20,Politischer Bezirk Mödling,NLG,Rural,48.08720705,16.2467411363129
313,167,Blansko,FAC,Rural,49.3621289,16.64506117626082
314,167,Lolland Kommune,FAC,Urban,54.7776205,11.26878770198756
315,167,Næstved Kommune,FAC,Urban,55.26205874999999,11.70861048583578
316,168,Benešov,UQM,Rural,49.7818921,14.6869121
317,167,Vordingborg Kommune,LRJ,Urban,55.0584108,11.97437050218676
318,20,Faaborg-Midtfyn Kommune,TPV,Urban,55.19639605,10.4279959085546
319,167,Nyborg Kommune,LRJ,Urban,55.29866695,10.68047615880288
320,169,Politischer Bezirk Krems,TIG,Rural,48.45096785,15.4820282910611
321,20,Odense Kommune,NLG,Urban,55.38510955,10.3528549062516
322,170,Břeclav,JHJ,Rural,48.7594008,16.8813137
323,170,Billund Kommune,JHJ,Urban,55.74515965000001,8.991930288159981
324,20,Blansko,FAC,Rural,49.3621289,16.64506117626082
325,171,Politischer Bezirk Korneuburg,IRG,Rural,48.4366463,16.2294528072345
326,95,Politischer Bezirk Kufstein,QDA,Urban,47.5000434,12.0327121
327,28,Tønder Kommune,TZF,Urban,55.0628986,8.889496217360037
328,172,Politischer Bezirk Gmünd,TPV,Rural,48.7859751999999,15.046710225637
329,173,Politischer Bezirk Sankt Johann im Pongau,VIL,Rural,47.3475782,13.2026049
330,173,Politischer Bezirk Sankt Johann im Pongau,VIL,Rural,47.3475782,13.2026049
331,173,Politischer Bezirk Sankt Johann im Pongau,VIL,Rural,47.3475782,13.2026049
332,174,Varde Kommune,UQM,Urban,55.66299975,8.509623246870593
333,175,Plzeň-jih,XEG,Rural,49.55224205,13.43426138452102
334,175,Kolding Kommune,XEG,Urban,55.4689391,9.468488704802578
335,175,Plzeň-jih,XEG,Rural,49.55224205,13.43426138452102
336,176,Politischer Bezirk Steyr-Land,VFN,Rural,47.9071065,14.5283802056626
337,177,Louny,KTR,Rural,50.3572914,13.7969195
338,95,Københavns Kommune,QDA,Urban,55.65554675,12.60164320937474
339,95,Gladsaxe Municipality,QDA,Urban,55.74678675,12.4750541227001
340,167,Vordingborg Kommune,LRJ,Urban,55.0584108,11.97437050218676
341,167,Ishøj Kommune,FAC,Urban,55.61580650000001,12.33726065277872
342,178,Politischer Bezirk Steyr-Land,VFN,Rural,47.9071065,14.5283802056626
343,179,Litoměřice,NGO,Rural,50.5340795,14.1317985
344,170,Allerød Kommune,JHJ,Urban,55.85554895,12.33886811656497
345,180,Bornholm Kommune,KTR,Urban,55.7845373,12.4947587504638
346,181,Favrskov Kommune,QDA,Urban,56.3195826,9.928791099518696
347,182,Aarhus Kommune,LAV,Urban,56.1630291,10.09385647209895
348,183,Hedensted Kommune,TOH,Urban,55.7968985,9.781256128921536
349,184,Ålborg Kommune,PUF,Urban,57.0462626,9.9215263
350,185,Roskilde Kommune,RUN,Rural,55.6487737,12.08117267578947
351,186,Politischer Bezirk Gmünd,TPV,Rural,48.7859751999999,15.046710225637
352,187,Eisenstadt Stadt,TIF,Rural,47.8454821,16.5249288
353,131,Odsherred Kommune,TIG,Urban,55.8717833,11.60700503396739
354,17,Faxe Kommune,TPV,Urban,55.26956345,12.09366122836635
355,131,Guldborgsund Kommune,TIG,Urban,54.77312345,11.6967660106604
356,92,Middelfart Kommune,VSZ,Urban,55.4470245,9.93698091984884
357,163,Vejle Kommune,WPH,Urban,55.76169025,9.353391936956378
358,163,Hillerød Kommune,WPH,Urban,55.92394109999999,12.2313306831747
359,163,Sorø Kommune,WPH,Urban,55.4776832,11.55397256651604
360,16,Herning Kommune,KWA,Urban,56.1466304,8.860822154418688
361,188,Holstebro Kommune,VIL,Urban,56.3966571,8.70986214704891
362,189,Ikast-Brande Kommune,WPH,Urban,56.05259345,9.258566122354637
363,189,Frederikshavn Kommune,LAV,Urban,57.46118845,10.45419955466888
364,89,Politischer Bezirk Spittal an der Drau,OOO,Rural,46.89327855,13.318069431565
365,190,Solrød Kommune,QDA,Urban,55.53752785,12.1696167523719
366,64,Assens Kommune,KTR,Urban,55.27662735,10.06579862255398
367,37,Kerteminde Kommune,IPP,Urban,55.4717102,10.62838842891754
368,191,Politischer Bezirk Hermagor,MSD,Rural,46.6538822,13.100220072521
369,192,Benešov,UQM,Rural,49.7818921,14.6869121
370,29,Svendborg Kommune,TIF,Urban,55.1240109,10.59488932785652
371,29,Nordfyns Kommune,LRJ,Urban,55.5141129,10.23781576293818
372,29,Nordfyns Kommune,LRJ,Urban,55.5141129,10.23781576293818
373,193,Politischer Bezirk Zwettl,WPH,Rural,48.5535109,15.068093635109
374,194,Louny,KTR,Rural,50.3572914,13.7969195
375,194,Louny,KTR,Rural,50.3572914,13.7969195
376,71,Kutná Hora,YIU,Urban,49.9486561,15.2681123
377,195,Politischer Bezirk Gänserndorf,VSZ,Rural,48.38003005,16.7157604310906
378,195,Politischer Bezirk Gänserndorf,VSZ,Rural,48.38003005,16.7157604310906
379,196,Louny,KTR,Rural,50.3572914,13.7969195
380,197,Politischer Bezirk Steyr-Land,VFN,Rural,47.9071065,14.5283802056626
381,198,Langeland Kommune,DNJ,Urban,54.94323035,10.77750839095556
382,199,Chrudim,ICA,Urban,49.9511458,15.7947559
383,200,Politischer Bezirk Sankt Johann im Pongau,VIL,Rural,47.3475782,13.2026049
384,201,Politischer Bezirk Zwettl,WPH,Rural,48.5535109,15.068093635109
385,85,Lemvig Kommune,AAR,Urban,56.52891025,8.302984149618574
386,202,Politischer Bezirk Salzburg-Umgebung,PPM,Rural,47.8331414999999,13.184106133344
387,202,Politischer Bezirk Salzburg-Umgebung,PPM,Rural,47.8331414999999,13.184106133344
388,203,Chrudim,ICA,Urban,49.9511458,15.7947559
389,204,Norddjurs Kommune,QDA,Urban,56.4511784,10.60868882625472
390,205,Randers Kommune,NSX,Urban,56.53576935,10.00220641855443
391,206,Politischer Bezirk Liezen,JOP,Urban,47.5070965,14.212568375549
392,74,Strakonice,KTR,Urban,49.2662501,13.91370160534412
393,203,Chrudim,ICA,Urban,49.9511458,15.7947559
394,203,Chrudim,ICA,Urban,49.9511458,15.7947559
395,207,Politischer Bezirk Salzburg-Umgebung,PPM,Rural,47.8331414999999,13.184106133344
396,207,Politischer Bezirk Salzburg-Umgebung,PPM,Rural,47.8331414999999,13.184106133344
397,207,Politischer Bezirk Salzburg-Umgebung,PPM,Rural,47.8331414999999,13.184106133344
398,74,Louny,KTR,Rural,50.3572914,13.7969195
399,74,Viborg Kommune,KTR,Urban,56.45089400000001,9.382773996723492
400,205,Randers Kommune,NSX,Urban,56.53576935,10.00220641855443
401,208,Politischer Bezirk Salzburg-Umgebung,PPM,Rural,47.8331414999999,13.184106133344
402,209,Rebild Kommune,TZF,Urban,56.81122499999999,10.0025244208815
403,205,Politischer Bezirk Sankt Pölten,NSX,Rural,48.1386014499999,15.8176335118715
404,205,Mariagerfjord Kommune,NSX,Urban,56.7056461,9.920066346120262
405,205,Stevns Kommune,NSX,Urban,55.33128645,12.34394176136016
406,210,Læso Kommune,WJO,Urban,57.2719765,10.99320532798637
407,205,Sønderborg Kommune,NSX,Urban,54.9680815,9.931922743249796
408,211,Vejen Kommune,NLX,Urban,55.45860825,9.031699661411338
409,212,Litoměřice,NGO,Rural,50.5340795,14.1317985
410,213,Politischer Bezirk Steyr-Land,VFN,Rural,47.9071065,14.5283802056626
411,198,Aabenraa Kommune,IKF,Urban,54.98406414999999,9.352327083916132
412,214,Politischer Bezirk Hermagor,MSD,Rural,46.6538822,13.100220072521
413,215,Gentofte Kommune,TZF,Urban,55.75064455,12.54604223446713
414,215,Albertslund Kommune,AAR,Urban,55.67654055,12.35249743400834
415,215,Furesø Kommune,NLX,Urban,55.80184975,12.37414935067936
416,215,Egedal Kommune,JOP,Urban,55.76121310000001,12.21505457863382
417,215,Gribskov Kommune,NLX,Rural,56.0487691,12.22123830083689
418,215,Jammerbugt Kommune,WJO,Urban,57.18123919999999,9.66234724891719
419,215,Kalundborg Kommune,JOP,Urban,55.60788030000001,11.26081200758613
420,216,Aalborg Kommune,TZF,Urban,57.1083005,10.0123560505829
421,216,Rudersdal Kommune,TZF,Urban,55.8366707,12.48516472830347
422,217,Holbæk Kommune,PPM,Urban,55.65399865000001,11.57977251177527
423,185,Roskilde Kommune,RUN,Rural,55.6487737,12.08117267578947
424,218,Ærø Kommune,SQI,Urban,54.8940447,10.32388276257374
425,219,Louny,KTR,Rural,50.3572914,13.7969195
426,219,Louny,KTR,Rural,50.3572914,13.7969195
427,137,Struer Kommune,JLJ,Urban,56.6342179,8.539353455465557
428,61,Rust Stadt,UAY,Urban,47.8003459,16.6749452
429,219,Odder Kommune,KTR,Urban,55.9302471,10.14163283523003
430,220,Aabenraa Kommune,IKF,Urban,54.98406414999999,9.352327083916132
431,35,Politischer Bezirk Hermagor,MSD,Rural,46.6538822,13.100220072521
432,45,Politischer Bezirk Sankt Johann im Pongau,VIL,Rural,47.3475782,13.2026049
433,64,Blansko,FAC,Rural,49.3621289,16.64506117626082
434,214,Politischer Bezirk Hermagor,MSD,Rural,46.6538822,13.100220072521
435,221,Louny,KTR,Rural,50.3572914,13.7969195
436,222,Haderslev Kommune,VFN,Urban,55.2539735,9.251447262997813
437,223,Louny,KTR,Rural,50.3572914,13.7969195
438,103,Fredericia Kommune,YIU,Urban,55.56872025,9.669337217670764
439,103,Dragør Kommune,YIU,Urban,55.58168105,12.63892638824987
440,221,Louny,KTR,Rural,50.3572914,13.7969195
441,224,Flandre-Occidentale,LAV,Rural,51.04047465,2.999421338788712
442,216,Horsens Kommune,TZF,Urban,55.9337676,9.77020353202944
443,48,Greve Kommune,IYN,Urban,55.5876727,12.23833399834895
444,137,Esbjerg Kommune,JLJ,Urban,55.4087918,8.748206338151686
445,216,Ballerup Kommune,TZF,Urban,55.7303594,12.36521985523143
446,216,Thisted Kommune,TZF,Urban,56.9146325,8.482424349524159
447,216,Brøndby Kommune,TZF,Urban,55.644111,12.4217135
448,216,Høje-Taastrup Kommune,TZF,Urban,55.65642635,12.2418727513561
449,216,Tårnby Kommune,TZF,Urban,55.6093765,12.5942740849782
450,216,Politischer Bezirk Freistadt,TZF,Rural,48.4729203499999,14.6395547013626
451,216,Rødovre Kommune,TZF,Urban,55.69020045,12.44804510765195
452,225,Politischer Bezirk Hermagor,MSD,Rural,46.6538822,13.100220072521
453,226,Politischer Bezirk Freistadt,TZF,Rural,48.4729203499999,14.6395547013626
454,18,Politischer Bezirk Zell am See,IYN,Urban,47.3591232,12.7767695353177
455,18,Halsnæs Kommune,IYN,Urban,55.95464775,11.89767436456652
456,18,Samsø Kommune,LAV,Urban,55.88358435,10.61139503533816
457,18,Flandre-Occidentale,LAV,Rural,51.04047465,2.999421338788712
458,227,Benešov,UQM,Rural,49.7818921,14.6869121
459,228,Hvidovre Kommune,APM,Urban,55.63189905,12.46725859135748
460,48,Greve Kommune,IYN,Urban,55.5876727,12.23833399834895
461,229,Louny,KTR,Rural,50.3572914,13.7969195
462,48,Politischer Bezirk Zell am See,IYN,Urban,47.3591232,12.7767695353177
463,230,Flandre-Occidentale,LAV,Rural,51.04047465,2.999421338788712
464,231,Nový Jičín,LRJ,Rural,49.594881,18.0102584
465,124,Ringsted Kommune,UQM,Urban,55.457927,11.81408300486716
466,232,Hørsholm Kommune,WJO,Urban,55.8828853,12.47523565311488
467,233,Benešov,UQM,Rural,49.7818921,14.6869121
468,230,Flandre-Occidentale,LAV,Rural,51.04047465,2.999421338788712
469,234,Politischer Bezirk Spittal an der Drau,OOO,Rural,46.89327855,13.318069431565
470,235,Eisenstadt Stadt,TIF,Rural,47.8454821,16.5249288
471,236,Vallensbæk Kommune,VIL,Urban,55.632181,12.37119799171908
472,237,Frederikssund Kommune,OOO,Urban,55.83480805,12.13396721994294
473,238,Litoměřice,NGO,Rural,50.5340795,14.1317985
474,239,Politischer Bezirk Sankt Johann im Pongau,VIL,Rural,47.3475782,13.2026049
475,240,Politischer Bezirk Korneuburg,IRG,Rural,48.4366463,16.2294528072345
476,241,Glostrup Kommune,JLJ,Urban,55.6835672,12.4128011280619
477,242,Praha-východ,QDA,Rural,50.0828112,14.71921794867766
478,221,Politischer Bezirk Neusiedl am See,KTR,Urban,47.90012875,16.9519930664882
479,243,Skanderborg Kommune,LAV,Urban,56.08543625,9.850782986274666
480,216,Herlev Kommune,TZF,Urban,55.7337193,12.42945164760848
481,216,Politischer Bezirk Freistadt,TZF,Rural,48.4729203499999,14.6395547013626
482,244,Louny,KTR,Rural,50.3572914,13.7969195
483,245,Litoměřice,NGO,Rural,50.5340795,14.1317985
484,216,Ballerup Kommune,TZF,Urban,55.7303594,12.36521985523143
485,90,Hvidovre Kommune,APM,Urban,55.63189905,12.46725859135748
486,246,Litoměřice,NGO,Rural,50.5340795,14.1317985
487,247,Roskilde Kommune,RUN,Rural,55.6487737,12.08117267578947
488,248,Litoměřice,NGO,Rural,50.5340795,14.1317985
489,248,Lyngby-Tårbæk Kommune,NGO,Urban,55.7718649,12.5051413
490,248,Fanø Kommune,NGO,Urban,55.4064775,8.424600204286886
491,107,Bruntál,JHJ,Urban,49.9885113,17.4652901
492,102,Helsinki,NSX,Urban,60.1674881,24.9427473
493,102,Trutnov,LAV,Urban,50.5608851,15.9130498
494,249,Litoměřice,NGO,Rural,50.5340795,14.1317985
495,102,Trutnov,LAV,Urban,50.5608851,15.9130498
496,102,Flandre-Occidentale,LAV,Rural,51.04047465,2.999421338788712
497,107,Porvoo,IRA,Urban,60.3953913,25.6604862
498,107,Bruntál,JHJ,Urban,49.9885113,17.4652901
499,91,Åboland-Turunmaa,WPH,Urban,59.98267075,21.96860470993968
500,250,Politischer Bezirk Neusiedl am See,KTR,Urban,47.90012875,16.9519930664882
501,250,Louny,KTR,Rural,50.3572914,13.7969195
502,230,Politischer Bezirk Zwettl,WPH,Rural,48.5535109,15.068093635109
503,102,Flandre-Occidentale,LAV,Rural,51.04047465,2.999421338788712
504,248,Litoměřice,NGO,Rural,50.5340795,14.1317985
505,248,Salo,NGO,Urban,-31.7613365,-71.3187697
506,251,Politischer Bezirk Sankt Johann im Pongau,VIL,Rural,47.3475782,13.2026049
507,109,Politischer Bezirk Rohrbach,MDM,Rural,48.57287155,13.9795741739762
508,252,Turku,CMH,Rural,60.4517531,22.2670522
509,253,Louny,KTR,Rural,50.3572914,13.7969195
510,164,Vakka-Suomi,IRG,Urban,60.78208175,21.22917323004046
511,254,Politischer Bezirk Hermagor,MSD,Rural,46.6538822,13.100220072521
512,240,Sankt Pölten Stadt,GCG,Rural,48.1846361,16.12552022406568
513,218,Politischer Bezirk Voitsberg,SQI,Rural,47.0614766,15.0623287237004
514,218,Loimaa,JOP,Rural,60.8472453,23.0513931
515,218,Rauma,SQI,Urban,61.1289148,21.5039401
516,255,Politischer Bezirk Zwettl,WPH,Rural,48.5535109,15.068093635109
517,256,Politischer Bezirk Eferding,ICA,Rural,48.3445378499999,13.9644257970315
518,257,Litoměřice,NGO,Rural,50.5340795,14.1317985
519,257,Litoměřice,NGO,Rural,50.5340795,14.1317985
520,240,Sankt Pölten Stadt,GCG,Rural,48.1846361,16.12552022406568
521,147,Pori,GCG,Urban,61.4865542,21.7968951
522,147,Copenhagen,GCG,Urban,55.6867243,12.5700724
523,147,Pohjois-Satakunta,GCG,Urban,61.9985954,22.27270225438564
524,147,Sankt Pölten Stadt,GCG,Rural,48.1846361,16.12552022406568
525,258,Litoměřice,NGO,Rural,50.5340795,14.1317985
526,4,Hämeenlinna,IRA,Urban,60.9948584,24.46654
527,4,Luoteis-Pirkanmaa,IRA,Urban,62.00417355,22.95217180487095
528,259,Blansko,FAC,Rural,49.3621289,16.64506117626082
529,4,Tampere,IRA,Urban,61.4980214,23.7603118
530,223,Lahti,KTR,Urban,60.9826014,25.6613764
531,260,Kotka-Hamina,WPH,Urban,60.4674228,26.9450844
532,261,Politischer Bezirk Tamsweg,UAY,Rural,47.1199885,13.6215024044989
533,262,Nový Jičín,LRJ,Rural,49.594881,18.0102584
534,263,Lappeenranta,GWR,Urban,61.0583713,28.1862742
535,31,Imatra,TOH,Urban,61.1923342,28.7716996
536,264,Politischer Bezirk Zwettl,WPH,Rural,48.5535109,15.068093635109
537,265,Mikkeli,NGO,Urban,61.6877956,27.2726569
538,266,Savonlinna,QDA,Urban,61.8689933,28.8797178
539,267,Strakonice,KTR,Urban,49.2662501,13.91370160534412
540,268,Benešov,UQM,Rural,49.7818921,14.6869121
541,269,Pieksämäki,NGO,Urban,62.300466,27.1639512
542,31,Ylä-Savo,PUF,Urban,63.51572995,27.14193723843044
543,31,Kuopio,TOH,Urban,62.8241424,27.59456148448898
544,270,Joensuu,IYN,Urban,62.6006257,29.7584591
545,271,Politischer Bezirk Eferding,ICA,Rural,48.3445378499999,13.9644257970315
546,210,Læso Kommune,WJO,Urban,57.2719765,10.99320532798637
547,103,Dragør Kommune,YIU,Urban,55.58168105,12.63892638824987
548,89,Keski-Karjala,JHJ,Urban,62.06979975,29.98254030297034
549,272,Pielisen Karjala,THH,Rural,63.441373,29.89385576955555
550,273,Louny,KTR,Rural,50.3572914,13.7969195
551,274,Nymburk,YIU,Urban,50.186331,15.0417306
552,274,Jyväskylä,YIU,Urban,62.2393431,25.7458236
553,218,Keuruu,JOP,Urban,62.2579819,24.7083599
554,143,Politischer Bezirk Zwettl,WPH,Rural,48.5535109,15.068093635109
555,275,Politischer Bezirk Sankt Pölten,NSX,Rural,48.1386014499999,15.8176335118715
556,275,Politischer Bezirk Sankt Pölten,NSX,Rural,48.1386014499999,15.8176335118715
557,266,Praha-východ,QDA,Rural,50.0828112,14.71921794867766
558,276,Praha-východ,QDA,Rural,50.0828112,14.71921794867766
559,277,Politischer Bezirk Eferding,ICA,Rural,48.3445378499999,13.9644257970315
560,164,Jämsä,IRG,Urban,61.8639814,25.1845044
561,164,Saarijärvi-Viitasaari,IRG,Urban,63.06637335,25.28304389565545
562,278,Politischer Bezirk Eferding,ICA,Rural,48.3445378499999,13.9644257970315
563,278,Politischer Bezirk Steyr-Land,VFN,Rural,47.9071065,14.5283802056626
564,278,Suupohja,VFN,Urban,62.3113764,22.16733910933412
565,88,Seinäjoki,QQS,Urban,62.7954104,22.8442015
566,279,Ikast-Brande Kommune,WPH,Urban,56.05259345,9.258566122354637
567,279,Ikast-Brande Kommune,WPH,Urban,56.05259345,9.258566122354637
568,88,Kuusiokunnat,QQS,Rural,62.6420896,23.85759791874546
569,118,Nový Jičín,LRJ,Rural,49.594881,18.0102584
570,250,Louny,KTR,Rural,50.3572914,13.7969195
571,280,Chrudim,ICA,Urban,49.9511458,15.7947559
572,55,Järviseutu,TPV,Urban,63.0864659,23.89962367501428
573,12,Politischer Bezirk Bruck an der Leitha,TPV,Urban,48.0314647,16.6250923539442
574,114,Frederiksberg Kommune,AAR,Urban,55.68193945,12.5234311321118
575,280,Vaasa,KTR,Urban,63.08182094999999,21.4798125222968
576,281,Litoměřice,NGO,Rural,50.5340795,14.1317985
577,281,Politischer Bezirk Eferding,ICA,Rural,48.3445378499999,13.9644257970315
578,281,Sydösterbotten,ICA,Urban,62.34484395,21.18039714754756
579,282,Politischer Bezirk Steyr-Land,VFN,Rural,47.9071065,14.5283802056626
580,45,Politischer Bezirk Sankt Johann im Pongau,VIL,Rural,47.3475782,13.2026049
581,45,Benešov,UQM,Rural,49.7818921,14.6869121
582,283,Litoměřice,NGO,Rural,50.5340795,14.1317985
583,283,Politischer Bezirk Eferding,ICA,Rural,48.3445378499999,13.9644257970315
584,283,Politischer Bezirk Eferding,ICA,Rural,48.3445378499999,13.9644257970315
585,281,Politischer Bezirk Eferding,ICA,Rural,48.3445378499999,13.9644257970315
586,210,Kokkola,WJO,Urban,63.8391421,23.1336845
587,284,Flandre-Orientale,KTR,Urban,51.0375423,3.811783011332456
588,54,Politischer Bezirk Hartberg-Fürstenfeld,JHJ,Urban,47.2478715,15.9284805471623
589,280,Chrudim,ICA,Urban,49.9511458,15.7947559
590,285,Oulu,TOH,Urban,65.0118734,25.4716809
591,286,Politischer Bezirk Korneuburg,IRG,Rural,48.4366463,16.2294528072345
592,287,Politischer Bezirk Gmünd,TPV,Rural,48.7859751999999,15.046710225637
593,288,Politischer Bezirk Voitsberg,SQI,Rural,47.0614766,15.0623287237004
594,289,Litoměřice,NGO,Rural,50.5340795,14.1317985
595,289,Litoměřice,NGO,Rural,50.5340795,14.1317985
596,290,Oulunkaari,NLG,Urban,65.1122683,27.09913131890699
597,290,Haapavesi-Siikalatva,NLG,Urban,64.1378737,25.3658176
598,103,Dragør Kommune,YIU,Urban,55.58168105,12.63892638824987
599,291,Ylivieska,JOP,Urban,64.0728903,24.5327326
600,291,Kehys-Kainuu,JOP,Urban,64.6119362,29.16980385051708
601,124,Benešov,UQM,Rural,49.7818921,14.6869121
602,292,Kajaani,TIG,Urban,64.2240872,27.7334227
603,289,Litoměřice,NGO,Rural,50.5340795,14.1317985
604,293,Litoměřice,NGO,Rural,50.5340795,14.1317985
605,294,Politischer Bezirk Steyr-Land,VFN,Rural,47.9071065,14.5283802056626
606,295,Rovaniemi,OOO,Urban,66.4976214,25.7192101
607,296,Nový Jičín,LRJ,Rural,49.594881,18.0102584
608,297,Flandre-Occidentale,LAV,Rural,51.04047465,2.999421338788712
609,34,Kemi-Tornio,WJO,Urban,65.7333404,24.5666495
610,34,Itä-Lappi,WJO,Urban,62.0362944,28.80282718285625
611,295,Tunturi-Lappi,OOO,Urban,68.1241867,24.61054114706588
612,164,Politischer Bezirk Korneuburg,IRG,Rural,48.4366463,16.2294528072345
613,164,Raaseporin,IRG,Urban,59.9079485,23.54674575967236
614,34,Loviisa,WJO,Urban,60.4564226,26.2271433
615,298,Politischer Bezirk Spittal an der Drau,OOO,Rural,46.89327855,13.318069431565
616,211,Riihimäki,AAR,Urban,60.7390089,24.7728148
617,211,Forssa,AAR,Urban,60.8155736,23.629833
618,211,Gribskov Kommune,NLX,Rural,56.0487691,12.22123830083689
619,77,Praha-východ,QDA,Rural,50.0828112,14.71921794867766
620,124,Benešov,UQM,Rural,49.7818921,14.6869121
621,294,Politischer Bezirk Steyr-Land,VFN,Rural,47.9071065,14.5283802056626
622,294,Politischer Bezirk Steyr-Land,VFN,Rural,47.9071065,14.5283802056626
623,291,Etelä-Pirkanmaa,WJO,Urban,61.732099,23.9135266
624,291,Lounais-Pirkanmaa,WJO,Urban,61.36273844999999,22.91388739472919
625,28,Politischer Bezirk Ried im Innkreis,TZF,Urban,48.2116421,13.472751586033
626,46,Ylä-Pirkanmaa,TIF,Urban,62.1024733,24.12282885417426
627,46,Kouvola,UAY,Urban,60.8701996,26.7018042
628,46,Koillis-Savo,TIF,Urban,63.1672077,28.52620567491658
629,46,Eisenstadt Stadt,TIF,Rural,47.8454821,16.5249288
630,299,Litoměřice,NGO,Rural,50.5340795,14.1317985
631,292,Kajaani,TIG,Urban,64.2240872,27.7334227
632,211,Varkaus,NLG,Urban,62.3176377,27.8681227
633,211,Gribskov Kommune,NLX,Rural,56.0487691,12.22123830083689
634,211,Sisä-Savo,NLG,Urban,61.7351868,24.4671486
635,295,Politischer Bezirk Spittal an der Drau,OOO,Rural,46.89327855,13.318069431565
636,295,Jakobstadsregionen,OOO,Urban,63.64583255,22.56438706185884
637,295,Raahe,OOO,Urban,64.6795905,24.4709593
638,132,Graz Stadt,MMJ,Rural,47.07197505,15.44237089854184
639,300,Politischer Bezirk Eferding,ICA,Rural,48.3445378499999,13.9644257970315
640,301,Benešov,UQM,Rural,49.7818921,14.6869121
641,4,Nivala-Haapajärvi,IRA,Urban,63.7514785,25.3134586
642,74,Koillismaa,KTR,Urban,65.8680265,29.29532898597865
